<?xml version="1.0" encoding="UTF-8"?>
<project-private xmlns="http://www.netbeans.org/ns/project-private/1">
    <editor-bookmarks xmlns="http://www.netbeans.org/ns/editor-bookmarks/2" lastBookmarkId="0"/>
    <open-files xmlns="http://www.netbeans.org/ns/projectui-open-files/2">
        <group>
            <file>file:/A:/Micro/Classwork/Digital_timer.X/nbproject/Makefile-default.mk</file>
            <file>file:/A:/Micro/Classwork/Digital_timer.X/edit_time_date.h</file>
            <file>file:/A:/Micro/Classwork/Digital_timer.X/clcd.c</file>
            <file>file:/A:/Micro/Classwork/Digital_timer.X/main.h</file>
            <file>file:/A:/Micro/Classwork/Digital_timer.X/ext_eeprom.c</file>
            <file>file:/A:/Micro/Classwork/Digital_timer.X/matrix_keypad.c</file>
            <file>file:/A:/Micro/Classwork/Digital_timer.X/i2c.c</file>
            <file>file:/A:/Micro/Classwork/Digital_timer.X/view_edit_event.c</file>
            <file>file:/A:/Micro/Classwork/Digital_timer.X/digital_timer.c</file>
            <file>file:/A:/Micro/Classwork/Digital_timer.X/i2c.h</file>
            <file>file:/A:/Micro/Classwork/Digital_timer.X/view_edit_event.h</file>
            <file>file:/A:/Micro/Classwork/Digital_timer.X/rtc.c</file>
            <file>file:/A:/Micro/Classwork/Digital_timer.X/main.c</file>
            <file>file:/A:/Micro/Classwork/Digital_timer.X/edit_time_date.c</file>
            <file>file:/A:/Micro/Classwork/Digital_timer.X/rtc.h</file>
            <file>file:/A:/Micro/Classwork/Digital_timer.X/digital_timer.h</file>
            <file>file:/A:/Micro/Classwork/Digital_timer.X/clcd.h</file>
        </group>
    </open-files>
</project-private>
